imagem,gamma,media,desvio_padrao
car,0.4,193.47690828402366,10.947881699920494
car,0.7,157.66158777120316,15.701009523055681
car,1.4,98.57198224852071,19.738218866937633
car,2.2,58.176494082840236,18.75846682565964
crowd,0.4,96.838725,38.73233122394057
crowd,0.7,51.581808333333335,39.21726000623446
crowd,1.4,16.47373125,30.11360893825426
crowd,2.2,7.043354166666667,22.85063446419448
university,0.4,76.78520467836258,22.89823558620726
university,0.7,32.971453634085215,17.515738586229148
university,1.4,5.473141186299081,7.3090270738449465
university,2.2,0.8984878863826232,4.7650719647908835
